math score,reading score,writing score,gender_female,gender_male,race/ethnicity_group A,race/ethnicity_group B,race/ethnicity_group C,race/ethnicity_group D,race/ethnicity_group E,parental level of education_associate's degree,parental level of education_bachelor's degree,parental level of education_high school,parental level of education_master's degree,parental level of education_some college,parental level of education_some high school,lunch_free/reduced,lunch_standard,test preparation course_completed,test preparation course_none
59,70,78,1,0,0,0,0,1,0,0,0,0,0,1,0,0,1,1,0
96,93,87,0,1,0,0,0,1,0,1,0,0,0,0,0,0,1,0,1
57,76,77,1,0,0,0,0,1,0,0,0,0,0,1,0,1,0,0,1
70,70,63,0,1,0,1,0,0,0,0,0,0,0,1,0,1,0,0,1
83,85,86,1,0,0,0,0,1,0,1,0,0,0,0,0,0,1,0,1
68,57,54,0,1,0,0,1,0,0,0,0,0,0,0,1,0,1,0,1
82,83,80,1,0,0,0,0,0,1,1,0,0,0,0,0,0,1,0,1
46,61,58,1,0,0,1,0,0,0,0,0,0,0,0,1,0,1,0,1
80,75,73,0,1,0,0,1,0,0,0,0,0,0,0,1,0,1,0,1
57,69,77,1,0,0,0,1,0,0,0,1,0,0,0,0,0,1,1,0
74,69,69,0,1,0,1,0,0,0,0,0,0,0,0,1,0,1,0,1
53,50,49,0,1,0,1,0,0,0,0,0,0,1,0,0,0,1,0,1
76,74,76,0,1,0,1,0,0,0,0,1,0,0,0,0,1,0,0,1
70,73,70,0,1,1,0,0,0,0,0,0,0,0,1,0,0,1,0,1
55,54,52,0,1,0,0,1,0,0,0,0,0,1,0,0,1,0,0,1
56,46,43,0,1,0,0,0,0,1,0,0,0,1,0,0,1,0,0,1
35,47,41,1,0,0,0,1,0,0,0,0,0,0,1,0,1,0,0,1
87,92,81,1,0,0,0,1,0,0,0,0,1,0,0,0,0,1,0,1
80,82,85,1,0,0,0,0,0,1,1,0,0,0,0,0,1,0,0,1
65,71,74,1,0,0,0,0,1,0,1,0,0,0,0,0,0,1,1,0
66,66,62,0,1,0,0,1,0,0,0,0,1,0,0,0,1,0,0,1
67,71,76,1,0,0,0,0,1,0,1,0,0,0,0,0,0,1,1,0
70,71,71,1,0,0,1,0,0,0,0,0,0,0,1,0,0,1,0,1
89,88,86,0,1,0,0,0,0,1,1,0,0,0,0,0,0,1,0,1
99,85,88,0,1,0,0,0,1,0,1,0,0,0,0,0,0,1,1,0
74,83,72,0,1,0,1,0,0,0,0,0,0,0,1,0,0,1,0,1
58,52,51,0,1,0,0,0,1,0,0,0,1,0,0,0,1,0,0,1
70,66,59,0,1,0,0,0,1,0,0,0,0,0,0,1,0,1,0,1
80,79,71,1,0,0,0,0,0,1,1,0,0,0,0,0,0,1,0,1
90,87,86,0,1,0,0,0,1,0,1,0,0,0,0,0,0,1,0,1
80,81,85,1,0,0,1,0,0,0,1,0,0,0,0,0,0,1,1,0
68,76,79,1,0,0,0,0,1,0,1,0,0,0,0,0,1,0,0,1
69,78,75,1,0,0,1,0,0,0,0,0,1,0,0,0,1,0,1,0
32,35,37,1,0,0,0,0,1,0,0,0,0,1,0,0,1,0,0,1
82,82,82,0,1,0,0,0,1,0,0,0,1,0,0,0,0,1,1,0
57,53,54,1,0,1,0,0,0,0,0,0,0,0,0,1,0,1,0,1
69,74,75,1,0,0,0,0,0,1,0,0,0,0,1,0,1,0,0,1
68,66,72,0,1,0,0,0,1,0,1,0,0,0,0,0,0,1,1,0
74,85,87,0,1,0,0,1,0,0,1,0,0,0,0,0,1,0,1,0
89,85,78,0,1,0,0,0,0,1,0,0,0,1,0,0,0,1,0,1
46,46,48,0,1,0,0,1,0,0,1,0,0,0,0,0,1,0,1,0
76,82,77,0,1,0,0,1,0,0,1,0,0,0,0,0,0,1,1,0
86,82,72,0,1,0,1,0,0,0,0,0,1,0,0,0,0,1,0,1
69,73,67,0,1,0,0,0,1,0,0,0,0,0,1,0,0,1,0,1
52,56,54,1,0,0,1,0,0,0,0,0,1,0,0,0,0,1,0,1
63,71,65,0,1,0,0,1,0,0,0,1,0,0,0,0,0,1,0,1
96,82,90,0,1,1,0,0,0,0,1,0,0,0,0,0,0,1,1,0
80,76,68,0,1,0,0,1,0,0,0,0,0,0,1,0,0,1,1,0
59,52,56,1,0,0,0,0,0,1,0,0,1,0,0,0,0,1,0,1
80,77,80,0,1,0,0,0,1,0,0,0,0,0,0,1,0,1,1,0
65,77,74,1,0,0,0,0,0,1,0,0,1,0,0,0,1,0,1,0
74,83,84,1,0,0,0,0,0,1,0,0,0,1,0,0,1,0,1,0
90,93,84,0,1,0,0,0,1,0,0,0,0,0,0,1,0,1,0,1
69,72,72,1,0,0,1,0,0,0,0,0,0,0,1,0,0,1,1,0
69,67,63,0,1,0,0,1,0,0,0,0,1,0,0,0,0,1,0,1
62,64,61,1,0,0,0,1,0,0,0,0,0,0,1,0,0,1,0,1
67,75,80,1,0,0,0,0,1,0,0,0,0,1,0,0,0,1,0,1
89,93,93,1,0,0,0,0,0,1,0,0,0,0,0,1,0,1,1,0
79,86,78,1,0,0,0,1,0,0,0,1,0,0,0,0,0,1,0,1
67,66,66,0,1,0,0,1,0,0,0,0,0,0,0,1,0,1,0,1
82,74,75,0,1,0,0,0,1,0,0,0,0,0,0,1,0,1,1,0
63,69,63,0,1,0,0,1,0,0,0,0,0,0,0,1,1,0,1,0
71,83,80,1,0,0,0,0,1,0,0,0,0,0,1,0,1,0,0,1
55,68,73,1,0,0,0,1,0,0,1,0,0,0,0,0,0,1,0,1
61,74,71,1,0,0,1,0,0,0,0,0,1,0,0,0,1,0,0,1
35,34,36,1,0,0,1,0,0,0,1,0,0,0,0,0,1,0,0,1
75,77,66,0,1,0,0,1,0,0,0,0,1,0,0,0,1,0,0,1
73,91,88,1,0,0,1,0,0,0,0,0,0,0,0,1,1,0,1,0
56,62,57,1,0,0,0,1,0,0,0,0,1,0,0,0,1,0,0,1
80,70,73,0,1,0,0,0,1,0,1,0,0,0,0,0,0,1,0,1
83,81,78,0,1,0,0,1,0,0,0,0,0,0,0,1,0,1,1,0
64,82,80,1,0,0,0,0,1,0,0,0,0,0,1,0,1,0,1,0
23,33,33,1,0,0,0,1,0,0,0,0,0,0,0,1,0,1,0,1
41,58,59,1,0,0,0,0,1,0,0,0,0,0,0,1,1,0,1,0
61,49,52,0,1,0,0,0,0,1,0,0,0,0,1,0,0,1,1,0
63,46,46,0,1,0,1,0,0,0,0,1,0,0,0,0,0,1,0,1
84,91,89,0,1,0,1,0,0,0,1,0,0,0,0,0,1,0,1,0
55,61,59,0,1,0,0,1,0,0,0,0,0,0,1,0,0,1,0,1
85,75,74,0,1,1,0,0,0,0,1,0,0,0,0,0,0,1,1,0
65,61,57,0,1,0,1,0,0,0,0,0,1,0,0,0,0,1,0,1
88,80,81,0,1,0,0,1,0,0,1,0,0,0,0,0,0,1,0,1
91,93,95,0,1,0,0,0,1,0,0,0,0,1,0,0,1,0,1,0
51,46,42,1,0,1,0,0,0,0,0,0,0,0,1,0,0,1,0,1
73,77,76,0,1,0,0,1,0,0,0,0,0,0,1,0,0,1,1,0
73,89,89,1,0,0,0,0,1,0,0,0,0,0,1,0,0,1,0,1
100,97,91,0,1,0,0,0,1,0,0,0,0,1,0,0,0,1,0,1
48,68,68,1,0,0,0,0,1,0,0,0,0,0,0,1,0,1,1,0
98,79,85,0,1,0,0,0,0,1,0,0,0,0,1,0,0,1,0,1
68,65,60,0,1,0,1,0,0,0,0,0,0,1,0,0,0,1,0,1
64,62,58,0,1,0,0,1,0,0,0,1,0,0,0,0,0,1,0,1
72,67,61,0,1,0,0,1,0,0,1,0,0,0,0,0,1,0,1,0
63,74,75,1,0,0,0,1,0,0,0,1,0,0,0,0,0,1,0,1
43,51,38,0,1,0,0,1,0,0,0,0,0,0,1,0,0,1,0,1
80,75,74,0,1,0,0,0,1,0,0,0,0,0,1,0,0,1,0,1
71,88,83,1,0,0,0,1,0,0,0,0,0,0,1,0,0,1,0,1
91,96,97,1,0,0,0,1,0,0,1,0,0,0,0,0,0,1,1,0
68,84,87,1,0,0,0,0,1,0,0,0,0,0,1,0,0,1,1,0
73,80,78,1,0,0,1,0,0,0,1,0,0,0,0,0,0,1,0,1
75,90,95,1,0,0,1,0,0,0,0,0,1,0,0,0,1,0,1,0
83,62,64,0,1,0,0,1,0,0,0,0,0,0,1,0,1,0,0,1
88,72,74,0,1,0,0,0,1,0,0,0,1,0,0,0,0,1,0,1
59,50,53,0,1,0,0,1,0,0,0,1,0,0,0,0,0,1,0,1
74,69,63,0,1,0,0,0,1,0,1,0,0,0,0,0,0,1,0,1
43,58,60,1,0,0,0,1,0,0,0,0,0,0,1,0,1,0,0,1
76,90,84,1,0,0,0,1,0,0,0,0,1,0,0,0,1,0,0,1
74,75,74,1,0,0,0,0,1,0,0,0,0,0,0,1,0,1,0,1
69,76,72,1,0,0,1,0,0,0,0,0,0,0,0,1,0,1,1,0
62,78,74,1,0,0,1,0,0,0,0,0,0,0,0,1,0,1,0,1
61,58,56,0,1,0,0,1,0,0,1,0,0,0,0,0,1,0,1,0
88,81,77,0,1,0,0,0,0,1,0,0,0,0,1,0,0,1,0,1
64,84,83,1,0,0,0,0,1,0,0,0,0,0,0,1,1,0,1,0
65,79,73,1,0,0,1,0,0,0,0,1,0,0,0,0,0,1,0,1
73,86,89,1,0,0,0,1,0,0,0,0,0,0,1,0,0,1,1,0
50,64,63,1,0,0,0,1,0,0,0,0,0,1,0,0,0,1,1,0
63,72,78,1,0,0,1,0,0,0,1,0,0,0,0,0,0,1,1,0
98,95,100,1,0,0,0,0,0,1,0,1,0,0,0,0,0,1,0,1
90,96,88,1,0,0,0,0,0,1,0,0,1,0,0,0,0,1,0,1
64,71,68,0,1,0,0,1,0,0,0,0,1,0,0,0,1,0,1,0
38,55,52,1,0,0,1,0,0,0,0,0,1,0,0,0,1,0,0,1
84,91,93,1,0,0,1,0,0,0,0,1,0,0,0,0,0,1,0,1
81,74,79,0,1,0,0,0,1,0,0,0,1,0,0,0,0,1,1,0
82,84,81,0,1,0,0,0,1,0,0,0,0,1,0,0,0,1,0,1
64,67,75,1,0,0,0,0,1,0,1,0,0,0,0,0,1,0,1,0
55,60,67,1,0,0,1,0,0,0,0,0,1,0,0,0,0,1,0,1
59,78,80,1,0,0,0,0,1,0,0,1,0,0,0,0,1,0,1,0
83,90,88,1,0,0,0,0,0,1,0,0,0,0,1,0,0,1,0,1
76,79,80,0,1,0,1,0,0,0,1,0,0,0,0,0,0,1,1,0
83,95,97,1,0,0,0,0,1,0,0,0,0,0,0,1,0,1,1,0
69,75,75,1,0,0,0,1,0,0,1,0,0,0,0,0,0,1,0,1
43,65,60,1,0,0,0,1,0,0,0,0,0,0,1,0,1,0,0,1
52,65,60,1,0,0,0,1,0,0,1,0,0,0,0,0,1,0,0,1
56,58,55,1,0,0,0,1,0,0,0,0,0,0,1,0,0,1,0,1
47,46,51,0,1,0,0,0,1,0,0,0,0,0,0,1,1,0,1,0
71,61,63,0,1,0,0,0,1,0,0,0,0,1,0,0,0,1,0,1
66,70,83,1,0,0,0,1,0,0,0,0,0,1,0,0,0,1,1,0
81,65,60,0,1,0,0,1,0,0,0,0,0,0,1,0,0,1,0,1
85,90,88,1,0,0,0,0,0,1,0,0,0,1,0,0,0,1,0,1
76,77,77,1,0,0,0,0,0,1,0,0,0,1,0,0,0,1,0,1
50,66,66,1,0,0,0,0,1,0,0,0,0,0,1,0,1,0,0,1
76,81,74,0,1,0,0,1,0,0,0,0,1,0,0,0,0,1,0,1
65,64,61,0,1,0,0,1,0,0,0,0,0,0,1,0,0,1,0,1
59,69,64,1,0,0,0,0,1,0,0,0,1,0,0,0,0,1,0,1
84,77,80,0,1,0,0,1,0,0,0,0,1,0,0,0,0,1,0,1
85,77,78,0,1,0,0,0,0,1,0,1,0,0,0,0,0,1,0,1
61,56,60,1,0,0,0,0,1,0,1,0,0,0,0,0,0,1,0,1
73,79,81,1,0,1,0,0,0,0,0,1,0,0,0,0,0,1,1,0
82,77,72,0,1,0,0,0,1,0,0,0,0,0,0,1,0,1,0,1
75,70,71,1,0,0,0,0,0,1,1,0,0,0,0,0,0,1,0,1
91,83,82,0,1,0,0,1,0,0,0,1,0,0,0,0,0,1,0,1
67,78,80,1,0,0,0,1,0,0,0,0,0,1,0,0,0,1,0,1
62,69,67,0,1,0,0,0,1,0,0,0,1,0,0,0,0,1,1,0
61,56,52,0,1,0,1,0,0,0,0,0,0,1,0,0,0,1,0,1
66,77,80,1,0,0,0,1,0,0,0,0,1,0,0,0,0,1,0,1
59,57,51,0,1,1,0,0,0,0,0,0,0,1,0,0,0,1,0,1
88,76,81,0,1,0,0,0,0,1,0,0,0,0,1,0,0,1,0,1
67,73,74,1,0,0,1,0,0,0,1,0,0,0,0,0,1,0,0,1
91,99,100,1,0,0,1,0,0,0,1,0,0,0,0,0,0,1,1,0
87,82,79,0,1,0,0,1,0,0,1,0,0,0,0,0,1,0,1,0
83,79,80,0,1,0,1,0,0,0,0,0,0,0,1,0,0,1,1,0
70,79,76,1,0,0,0,0,1,0,1,0,0,0,0,0,0,1,0,1
83,83,78,0,1,0,0,0,0,1,1,0,0,0,0,0,0,1,0,1
49,53,47,0,1,0,0,1,0,0,1,0,0,0,0,0,0,1,0,1
65,60,57,0,1,0,0,0,1,0,0,0,1,0,0,0,0,1,1,0
50,56,55,0,1,0,1,0,0,0,1,0,0,0,0,0,1,0,1,0
62,58,57,0,1,1,0,0,0,0,0,0,0,0,1,0,0,1,0,1
56,50,50,0,1,0,0,0,0,1,0,1,0,0,0,0,0,1,0,1
44,49,53,1,0,0,0,1,0,0,1,0,0,0,0,0,0,1,0,1
63,72,60,1,0,0,0,0,0,1,0,0,0,0,0,1,1,0,0,1
72,69,74,0,1,0,0,0,1,0,0,0,1,0,0,0,0,1,1,0
64,77,77,1,0,0,0,0,1,0,0,1,0,0,0,0,1,0,1,0
61,75,82,1,0,0,1,0,0,0,0,0,0,0,1,0,0,1,1,0
82,72,69,0,1,0,0,0,1,0,0,0,0,0,1,0,1,0,0,1
57,68,74,1,0,1,0,0,0,0,0,0,0,0,0,1,0,1,1,0
43,45,38,0,1,0,0,0,0,1,0,0,0,1,0,0,0,1,0,1
69,56,59,0,1,0,0,0,1,0,0,0,0,0,0,1,0,1,0,1
62,71,74,1,0,0,0,0,1,0,0,0,0,1,0,0,0,1,0,1
60,73,68,1,0,0,1,0,0,0,0,0,0,0,0,1,0,1,0,1
81,70,70,0,1,0,0,0,0,1,0,0,1,0,0,0,0,1,0,1
68,84,87,1,0,0,0,1,0,0,1,0,0,0,0,0,1,0,1,0
65,63,57,0,1,0,0,1,0,0,1,0,0,0,0,0,0,1,0,1
59,72,67,1,0,0,1,0,0,0,0,0,1,0,0,0,0,1,0,1
81,89,86,1,0,0,1,0,0,0,1,0,0,0,0,0,0,1,0,1
84,85,87,0,1,1,0,0,0,0,0,0,0,1,0,0,1,0,0,1
56,68,70,1,0,1,0,0,0,0,0,0,1,0,0,0,0,1,1,0
71,75,73,0,1,0,1,0,0,0,0,0,0,1,0,0,1,0,1,0
93,98,94,1,0,0,0,0,1,0,0,0,0,1,0,0,1,0,0,1
77,81,85,1,0,0,0,1,0,0,0,0,1,0,0,0,0,1,0,1
50,40,44,0,1,0,0,1,0,0,0,0,0,0,1,0,0,1,0,1
75,75,78,1,0,0,0,0,1,0,0,0,0,0,1,0,0,1,0,1
64,82,80,1,0,0,0,1,0,0,0,1,0,0,0,0,0,1,0,1
77,65,69,0,1,0,0,1,0,0,0,1,0,0,0,0,0,1,0,1
64,81,87,1,0,1,0,0,0,0,0,0,0,0,0,1,0,1,1,0
71,63,55,0,1,0,1,0,0,0,0,0,0,0,0,1,0,1,0,1
58,57,53,0,1,0,0,0,1,0,0,0,0,0,0,1,1,0,1,0
47,66,66,1,0,0,0,0,1,0,0,0,1,0,0,0,1,0,0,1
57,63,54,0,1,0,0,0,1,0,1,0,0,0,0,0,0,1,0,1
82,89,86,0,1,0,0,1,0,0,0,0,0,0,1,0,0,1,1,0
53,61,59,1,0,0,1,0,0,0,0,0,0,1,0,0,0,1,0,1
89,98,99,1,0,0,0,1,0,0,1,0,0,0,0,0,1,0,1,0
89,94,94,1,0,0,0,0,0,1,0,0,0,0,1,0,0,1,1,0
75,97,92,1,0,1,0,0,0,0,0,0,0,0,1,0,1,0,1,0
62,61,57,0,1,0,0,0,1,0,0,0,0,0,1,0,1,0,0,1
63,76,67,1,0,0,1,0,0,0,0,0,1,0,0,0,0,1,0,1
100,91,85,0,1,0,0,0,0,1,0,0,1,0,0,0,0,1,0,1
62,81,77,1,0,0,1,0,0,0,1,0,0,0,0,0,0,1,0,1
75,95,94,1,0,0,1,0,0,0,1,0,0,0,0,0,0,1,0,1
51,56,53,0,1,0,0,1,0,0,0,0,0,0,1,0,0,1,0,1
74,67,67,0,1,0,0,0,0,1,0,0,0,1,0,0,1,0,0,1
66,66,58,0,1,0,0,1,0,0,0,0,1,0,0,0,1,0,0,1
52,59,59,0,1,0,0,1,0,0,0,0,0,0,0,1,0,1,1,0
69,56,56,0,1,0,0,0,0,1,0,0,0,1,0,0,1,0,0,1
46,57,57,1,0,0,0,0,0,1,0,0,0,0,0,1,1,0,1,0
74,77,73,1,0,0,0,0,0,1,0,0,0,0,1,0,0,1,0,1
100,90,88,0,1,0,1,0,0,0,0,0,0,1,0,0,0,1,0,1
83,77,77,0,1,1,0,0,0,0,0,0,0,0,0,1,0,1,0,1
82,78,90,0,1,0,0,0,1,0,1,0,0,0,0,0,1,0,1,0
58,66,70,1,0,0,0,0,1,0,0,0,1,0,0,0,0,1,0,1
59,55,58,0,1,1,0,0,0,0,0,0,0,0,0,1,1,0,1,0
77,90,82,1,0,0,0,0,1,0,0,0,1,0,0,0,0,1,0,1
61,61,57,1,0,0,0,0,0,1,0,0,1,0,0,0,0,1,0,1
85,81,80,0,1,0,0,1,0,0,0,0,0,1,0,0,0,1,0,1
59,68,68,1,0,0,0,0,0,1,0,0,1,0,0,0,1,0,1,0
71,92,93,1,0,0,0,1,0,0,0,0,0,1,0,0,1,0,1,0
52,71,70,1,0,0,0,0,0,1,0,0,0,0,0,1,0,1,0,1
62,62,68,1,0,0,0,0,1,0,0,0,0,0,1,0,0,1,0,1
47,48,49,0,1,0,1,0,0,0,1,0,0,0,0,0,0,1,0,1
96,92,88,0,1,0,0,0,1,0,0,0,0,0,1,0,0,1,1,0
48,60,57,1,0,0,0,0,0,1,0,0,0,0,0,1,0,1,0,1
20,25,15,0,1,0,0,1,0,0,0,0,1,0,0,0,1,0,0,1
70,75,76,1,0,0,0,1,0,0,0,0,0,0,0,1,0,1,0,1
59,62,58,0,1,0,1,0,0,0,0,0,1,0,0,0,1,0,1,0
80,80,83,1,0,0,0,0,0,1,1,0,0,0,0,0,1,0,0,1
83,88,90,1,0,0,1,0,0,0,0,0,0,0,1,0,0,1,0,1
75,71,76,0,1,0,0,1,0,0,0,1,0,0,0,0,0,1,0,1
73,68,72,0,1,0,0,0,1,0,0,0,0,0,1,0,1,0,1,0
78,78,82,1,0,0,0,1,0,0,1,0,0,0,0,0,0,1,0,1
94,82,93,0,1,0,1,0,0,0,0,1,0,0,0,0,0,1,1,0
46,63,66,1,0,0,1,0,0,0,0,0,0,0,0,1,1,0,1,0
77,77,77,0,1,0,0,0,1,0,0,0,0,0,1,0,1,0,1,0
63,56,47,0,1,0,1,0,0,0,0,0,0,0,0,1,0,1,0,1
64,70,72,0,1,0,1,0,0,0,0,1,0,0,0,0,0,1,1,0
60,69,70,1,0,0,0,0,1,0,0,0,0,0,0,1,1,0,0,1
74,79,73,1,0,0,0,0,1,0,0,0,0,0,1,0,0,1,0,1
67,77,81,1,0,0,1,0,0,0,0,0,1,0,0,0,1,0,0,1
78,81,80,0,1,0,0,1,0,0,0,0,1,0,0,0,0,1,1,0
88,75,72,0,1,0,0,1,0,0,0,0,1,0,0,0,0,1,1,0
52,64,66,1,0,0,0,1,0,0,1,0,0,0,0,0,1,0,1,0
88,66,73,0,1,0,0,1,0,0,0,0,1,0,0,0,0,1,0,1
78,88,85,0,1,1,0,0,0,0,0,0,1,0,0,0,0,1,1,0
55,62,61,1,0,0,0,1,0,0,0,0,1,0,0,0,0,1,0,1
71,69,73,1,0,0,0,1,0,0,0,0,0,0,1,0,0,1,0,1
75,79,68,0,1,0,0,1,0,0,0,0,1,0,0,0,1,0,0,1
62,60,55,0,1,0,1,0,0,0,0,1,0,0,0,0,0,1,1,0
66,73,72,1,0,0,1,0,0,0,0,1,0,0,0,0,0,1,1,0
39,45,36,0,1,0,0,0,1,0,0,1,0,0,0,0,0,1,0,1
85,80,73,0,1,0,1,0,0,0,0,0,0,0,1,0,0,1,0,1
46,57,53,1,0,0,1,0,0,0,0,0,1,0,0,0,1,0,0,1
57,64,66,0,1,0,0,1,0,0,0,0,0,1,0,0,1,0,1,0
65,78,81,1,0,0,1,0,0,0,1,0,0,0,0,0,0,1,1,0
86,82,72,0,1,0,0,1,0,0,0,0,0,0,1,0,0,1,0,1
59,50,41,0,1,0,0,1,0,0,0,0,0,0,0,1,0,1,0,1
49,69,68,1,0,0,0,0,1,0,0,0,0,0,0,1,1,0,1,0
51,50,44,0,1,0,1,0,0,0,0,0,0,0,1,0,1,0,0,1
53,57,60,1,0,1,0,0,0,0,1,0,0,0,0,0,0,1,0,1
82,84,83,1,0,0,0,1,0,0,0,0,0,0,1,0,0,1,0,1
51,68,66,1,0,0,0,1,0,0,0,0,1,0,0,0,1,0,0,1
74,79,79,1,0,0,0,0,1,0,0,0,0,0,0,1,0,1,0,1
73,72,75,1,0,0,0,0,1,0,0,0,0,1,0,0,1,0,0,1
42,61,63,1,0,0,0,0,1,0,0,0,1,0,0,0,1,0,0,1
41,59,56,1,0,0,0,1,0,0,0,0,0,0,1,0,1,0,1,0
84,88,84,1,0,0,0,1,0,0,0,0,0,0,1,0,0,1,0,1
64,66,62,1,0,0,0,0,1,0,0,0,0,0,1,0,1,0,1,0
74,88,75,1,0,0,0,0,0,1,0,0,1,0,0,0,1,0,0,1
91,84,77,0,1,0,0,1,0,0,1,0,0,0,0,0,0,1,0,1
67,72,65,0,1,0,0,0,1,0,1,0,0,0,0,0,0,1,0,1
54,56,59,1,0,0,1,0,0,0,0,0,1,0,0,0,0,1,0,1
44,39,37,1,0,0,0,0,1,0,0,0,0,1,0,0,0,1,0,1
65,84,86,1,0,0,0,1,0,0,0,0,0,1,0,0,0,1,1,0
37,40,36,0,1,1,0,0,0,0,1,0,0,0,0,0,0,1,0,1
58,75,78,1,0,1,0,0,0,0,1,0,0,0,0,0,1,0,0,1
69,78,78,1,0,0,0,1,0,0,0,1,0,0,0,0,1,0,0,1
64,56,51,0,1,0,0,1,0,0,0,0,0,0,0,1,0,1,0,1
70,63,63,1,0,0,0,1,0,0,0,0,1,0,0,0,0,1,0,1
55,68,66,1,0,0,1,0,0,0,0,0,1,0,0,0,1,0,0,1
45,63,67,1,0,0,1,0,0,0,0,0,0,0,1,0,0,1,1,0
80,70,71,0,1,0,0,0,0,1,0,0,0,0,1,0,0,1,1,0
77,73,69,0,1,1,0,0,0,0,0,0,0,0,1,0,0,1,0,1
57,54,44,0,1,0,1,0,0,0,0,1,0,0,0,0,1,0,0,1
67,72,72,1,0,0,0,1,0,0,0,1,0,0,0,0,0,1,0,1
68,70,72,1,0,1,0,0,0,0,0,0,0,1,0,0,0,1,0,1
49,53,43,0,1,0,0,1,0,0,0,0,1,0,0,0,0,1,0,1
42,48,42,1,0,0,0,0,1,0,1,0,0,0,0,0,0,1,0,1
96,93,100,1,0,0,0,0,0,1,1,0,0,0,0,0,0,1,0,1
55,56,54,1,0,0,0,1,0,0,0,1,0,0,0,0,1,0,0,1
70,65,56,0,1,0,0,0,1,0,0,0,0,1,0,0,0,1,0,1
51,53,51,0,1,0,0,1,0,0,0,1,0,0,0,0,1,0,0,1
27,49,50,1,0,0,1,0,0,0,0,0,0,0,1,0,1,0,1,0
60,54,47,0,1,0,0,0,1,0,0,0,1,0,0,0,0,1,0,1
44,56,47,1,0,0,1,0,0,0,0,0,0,0,0,1,0,1,0,1
63,73,74,1,0,0,0,1,0,0,0,0,1,0,0,0,0,1,1,0
72,77,75,1,0,0,0,1,0,0,1,0,0,0,0,0,0,1,0,1
82,77,80,1,0,0,0,0,1,0,0,0,0,0,0,1,0,1,0,1
82,85,99,1,0,0,1,0,0,0,0,1,0,0,0,0,0,1,1,0
70,82,83,1,0,1,0,0,0,0,0,0,0,0,0,1,0,1,0,1
76,61,61,0,1,0,0,0,0,1,0,0,1,0,0,0,1,0,1,0
62,68,74,1,0,0,0,1,0,0,0,1,0,0,0,0,1,0,1,0
58,62,54,1,0,0,1,0,0,0,0,0,1,0,0,0,1,0,0,1
61,73,70,1,0,1,0,0,0,0,0,0,1,0,0,0,0,1,0,1
88,82,82,0,1,0,1,0,0,0,0,1,0,0,0,0,0,1,1,0
61,64,54,1,0,0,0,1,0,0,0,0,0,0,1,0,0,1,0,1
88,77,78,0,1,0,0,0,1,0,0,0,1,0,0,0,0,1,1,0
57,45,46,0,1,0,0,0,0,1,0,0,0,0,0,1,1,0,0,1
92,95,93,1,0,0,0,0,1,0,0,0,1,0,0,0,0,1,1,0
80,79,73,0,1,0,0,1,0,0,0,0,0,1,0,0,0,1,0,1
62,54,52,0,1,1,0,0,0,0,0,0,0,0,0,1,0,1,0,1
71,74,80,1,0,0,0,0,1,0,0,0,0,0,1,0,0,1,0,1
54,58,63,1,0,0,0,0,1,0,0,0,1,0,0,0,1,0,0,1
43,43,40,0,1,1,0,0,0,0,0,0,0,0,1,0,1,0,0,1
51,57,60,1,0,0,0,1,0,0,0,0,0,0,1,0,0,1,0,1
57,46,44,0,1,0,0,1,0,0,0,0,0,0,0,1,0,1,0,1
62,71,62,0,1,0,0,1,0,0,0,0,0,0,0,1,0,1,1,0
48,59,55,1,0,0,1,0,0,0,0,0,0,0,0,1,0,1,0,1
61,69,62,0,1,0,0,1,0,0,1,0,0,0,0,0,1,0,1,0
94,91,98,1,0,0,0,0,1,0,0,0,0,0,0,1,0,1,1,0
44,45,41,0,1,0,1,0,0,0,0,0,0,0,1,0,1,0,0,1
56,71,70,1,0,0,0,1,0,0,1,0,0,0,0,0,0,1,0,1
68,69,55,0,1,0,0,0,1,0,1,0,0,0,0,0,1,0,0,1
61,53,48,0,1,0,0,0,1,0,0,0,0,0,1,0,1,0,0,1
49,68,67,1,0,0,0,1,0,0,0,0,1,0,0,0,0,1,1,0
71,71,76,1,0,0,0,0,1,0,0,0,0,0,1,0,0,1,0,1
78,86,80,1,0,0,0,0,0,1,0,0,0,0,0,1,0,1,0,1
74,70,63,0,1,0,0,0,1,0,1,0,0,0,0,0,0,1,0,1
66,63,63,0,1,0,0,1,0,0,0,0,1,0,0,0,0,1,0,1
61,56,53,0,1,0,0,1,0,0,0,0,0,0,0,1,1,0,0,1
59,45,44,0,1,0,0,0,1,0,0,0,0,0,1,0,1,0,0,1
49,65,62,1,0,0,1,0,0,0,0,0,1,0,0,0,1,0,0,1
61,68,67,1,0,0,1,0,0,0,1,0,0,0,0,0,1,0,0,1
54,57,63,1,0,0,0,1,0,0,0,1,0,0,0,0,1,0,1,0
45,61,63,1,0,0,1,0,0,0,0,0,1,0,0,0,1,0,1,0
81,96,99,1,0,0,0,0,1,0,0,1,0,0,0,0,1,0,1,0
71,87,87,1,0,0,1,0,0,0,1,0,0,0,0,0,0,1,0,1
67,60,61,0,1,0,1,0,0,0,1,0,0,0,0,0,0,1,0,1
56,53,58,1,0,0,0,0,1,0,0,0,0,0,1,0,0,1,0,1
60,66,64,1,0,0,1,0,0,0,0,0,1,0,0,0,1,0,1,0
95,86,83,0,1,0,0,0,1,0,1,0,0,0,0,0,0,1,0,1
60,59,53,0,1,0,1,0,0,0,0,0,0,0,1,0,0,1,0,1
60,55,52,0,1,0,1,0,0,0,0,0,0,0,1,0,0,1,0,1
82,68,69,0,1,0,1,0,0,0,0,1,0,0,0,0,0,1,0,1
78,68,70,0,1,0,1,0,0,0,0,0,0,0,1,0,1,0,0,1
57,67,64,1,0,0,0,1,0,0,1,0,0,0,0,0,0,1,0,1
72,77,67,0,1,1,0,0,0,0,0,0,0,0,1,0,0,1,0,1
37,51,43,1,0,0,1,0,0,0,0,0,0,0,0,1,0,1,0,1
72,76,64,0,1,0,0,1,0,0,0,0,0,0,1,0,0,1,0,1
52,57,49,0,1,0,1,0,0,0,0,0,0,0,1,0,1,0,0,1
80,72,72,0,1,1,0,0,0,0,0,0,1,0,0,0,0,1,1,0
89,78,76,0,1,0,0,0,1,0,1,0,0,0,0,0,0,1,0,1
84,88,87,1,0,0,0,1,0,0,0,0,0,0,1,0,0,1,1,0
67,73,76,1,0,0,1,0,0,0,0,0,0,0,0,1,0,1,0,1
59,75,79,1,0,0,1,0,0,0,0,0,0,1,0,0,0,1,1,0
95,85,80,0,1,0,0,1,0,0,0,0,0,0,1,0,0,1,1,0
71,68,68,1,0,0,1,0,0,0,0,0,0,1,0,0,0,1,0,1
72,76,74,1,0,0,0,1,0,0,0,0,1,0,0,0,0,1,0,1
83,80,82,0,1,0,0,0,0,1,0,0,1,0,0,0,0,1,1,0
94,86,82,0,1,0,0,0,0,1,0,0,0,0,0,1,0,1,0,1
58,57,58,0,1,0,1,0,0,0,0,0,0,0,1,0,1,0,1,0
75,62,65,0,1,0,0,1,0,0,0,1,0,0,0,0,0,1,1,0
65,83,77,1,0,0,1,0,0,0,0,0,0,0,0,1,1,0,0,1
68,78,83,1,0,0,0,1,0,0,0,1,0,0,0,0,1,0,1,0
34,44,43,1,0,0,0,1,0,0,0,0,0,0,0,1,1,0,0,1
97,96,89,0,1,0,0,0,0,1,0,0,0,0,1,0,0,1,0,1
44,47,55,1,0,0,0,0,1,0,0,0,1,0,0,0,0,1,0,1
60,57,60,0,1,0,0,0,1,0,0,0,0,0,0,1,0,1,1,0
66,81,75,1,0,0,0,1,0,0,0,0,1,0,0,0,1,0,1,0
96,94,93,0,1,0,0,0,0,1,0,0,1,0,0,0,0,1,0,1
39,60,52,1,0,0,1,0,0,0,0,0,1,0,0,0,1,0,0,1
56,57,62,0,1,0,0,1,0,0,0,0,0,0,1,0,1,0,0,1
31,27,19,0,1,0,0,1,0,0,0,0,1,0,0,0,0,1,0,1
74,79,84,1,0,0,0,1,0,0,0,1,0,0,0,0,0,1,1,0
100,100,100,0,1,0,0,0,1,0,0,1,0,0,0,0,0,1,1,0
68,75,73,1,0,1,0,0,0,0,0,0,1,0,0,0,0,1,1,0
79,89,96,1,0,0,0,1,0,0,1,0,0,0,0,0,1,0,1,0
62,69,60,0,1,0,0,0,0,1,0,1,0,0,0,0,1,0,0,1
72,85,81,1,0,1,0,0,0,0,1,0,0,0,0,0,0,1,0,1
66,78,75,1,0,0,0,1,0,0,0,0,0,0,1,0,0,1,0,1
64,66,69,0,1,0,0,1,0,0,0,0,1,0,0,0,0,1,1,0
62,64,64,1,0,0,0,1,0,0,0,0,0,0,0,1,0,1,0,1
68,82,86,1,0,0,0,0,0,1,0,1,0,0,0,0,1,0,1,0
70,75,74,0,1,0,0,1,0,0,0,0,0,0,1,0,1,0,1,0
63,61,64,1,0,0,0,0,0,1,0,1,0,0,0,0,1,0,0,1
91,100,100,1,0,0,0,0,1,0,0,0,1,0,0,0,0,1,1,0
58,62,63,1,0,0,0,0,1,0,0,0,0,0,1,0,0,1,0,1
75,66,59,0,1,0,0,0,0,1,0,0,0,0,1,0,0,1,0,1
44,55,61,1,0,0,0,1,0,0,1,0,0,0,0,0,1,0,0,1
68,64,64,1,0,0,0,1,0,0,0,0,0,0,1,0,1,0,0,1
65,61,57,0,1,0,0,1,0,0,0,1,0,0,0,0,1,0,0,1
66,71,87,1,0,0,0,0,1,0,0,0,0,0,1,0,1,0,1,0
73,69,70,0,1,0,0,1,0,0,0,1,0,0,0,0,1,0,0,1
67,76,76,1,0,0,1,0,0,0,1,0,0,0,0,0,1,0,0,1
66,73,69,1,0,0,0,1,0,0,1,0,0,0,0,0,1,0,0,1
81,78,68,0,1,0,0,0,0,1,0,0,0,0,1,0,0,1,0,1
77,62,57,0,1,0,0,0,0,1,0,0,0,0,0,1,0,1,0,1
43,48,53,1,0,0,0,0,1,0,0,0,0,0,1,0,1,0,0,1
58,70,72,1,0,0,0,1,0,0,0,1,0,0,0,0,0,1,0,1
65,77,70,0,1,0,0,1,0,0,0,0,0,0,1,0,1,0,0,1
92,89,83,0,1,0,0,1,0,0,0,0,1,0,0,0,0,1,0,1
56,48,54,0,1,0,0,0,1,0,0,0,0,0,0,1,0,1,1,0
65,73,77,1,0,0,0,0,1,0,0,0,0,1,0,0,0,1,0,1
72,67,59,0,1,0,0,0,1,0,1,0,0,0,0,0,0,1,0,1
100,84,87,0,1,0,0,0,1,0,0,0,0,0,0,1,0,1,1,0
69,81,70,1,0,0,0,1,0,0,0,0,1,0,0,0,0,1,0,1
70,66,68,0,1,0,0,0,1,0,0,0,0,0,1,0,0,1,1,0
90,80,78,0,1,0,0,0,0,1,0,0,1,0,0,0,0,1,0,1
90,79,75,0,1,0,0,1,0,0,0,0,1,0,0,0,0,1,0,1
63,78,74,1,0,0,0,0,1,0,0,0,1,0,0,0,0,1,1,0
40,51,51,1,0,0,0,0,1,0,1,0,0,0,0,0,0,1,0,1
64,72,66,1,0,1,0,0,0,0,0,0,1,0,0,0,0,1,0,1
90,76,71,0,1,0,0,1,0,0,0,0,0,0,1,0,0,1,0,1
76,74,73,0,1,0,0,1,0,0,0,0,0,0,1,0,0,1,0,1
42,48,33,0,1,0,1,0,0,0,0,0,0,0,1,0,1,0,0,1
45,68,71,1,0,0,0,0,1,0,0,1,0,0,0,0,1,0,1,0
76,65,70,0,1,0,0,0,1,0,0,1,0,0,0,0,0,1,0,1
63,69,68,0,1,0,0,1,0,0,0,0,0,0,0,1,0,1,1,0
84,77,79,0,1,0,0,0,0,1,0,0,0,0,1,0,0,1,1,0
62,75,73,1,0,1,0,0,0,0,0,1,0,0,0,0,1,0,0,1
69,76,82,1,0,0,0,1,0,0,1,0,0,0,0,0,1,0,1,0
77,79,76,0,1,0,0,1,0,0,0,0,0,0,0,1,0,1,0,1
63,65,58,0,1,0,0,0,1,0,0,1,0,0,0,0,0,1,0,1
72,67,67,0,1,0,0,1,0,0,0,0,1,0,0,0,0,1,1,0
75,68,68,0,1,0,0,0,0,1,1,0,0,0,0,0,0,1,0,1
61,66,71,1,0,0,0,1,0,0,0,1,0,0,0,0,0,1,0,1
79,97,85,1,0,1,0,0,0,0,0,0,1,0,0,0,0,1,0,1
53,66,64,1,0,0,0,0,1,0,0,0,1,0,0,0,0,1,0,1
77,68,66,0,1,0,1,0,0,0,0,0,0,0,1,0,0,1,1,0
44,49,43,0,1,1,0,0,0,0,0,0,1,0,0,0,1,0,0,1
44,50,37,0,1,0,1,0,0,0,0,0,1,0,0,0,0,1,0,1
71,84,88,1,0,0,0,1,0,0,1,0,0,0,0,0,0,1,1,0
60,65,67,1,0,0,1,0,0,0,1,0,0,0,0,0,0,1,1,0
49,39,33,0,1,0,1,0,0,0,0,0,0,0,0,1,0,1,0,1
82,95,93,1,0,1,0,0,0,0,0,0,1,0,0,0,0,1,1,0
68,70,62,0,1,0,0,0,0,1,0,0,0,1,0,0,1,0,0,1
58,63,65,1,0,0,0,0,1,0,0,0,0,0,0,1,1,0,0,1
65,68,67,1,0,0,1,0,0,0,0,0,1,0,0,0,0,1,0,1
50,42,35,0,1,0,0,1,0,0,1,0,0,0,0,0,0,1,0,1
73,72,79,1,0,0,0,0,1,0,1,0,0,0,0,0,1,0,1,0
40,50,47,0,1,0,0,0,1,0,0,0,0,0,0,1,1,0,1,0
60,67,74,1,0,0,0,1,0,0,0,0,0,0,0,1,1,0,1,0
57,58,51,0,1,0,0,1,0,0,1,0,0,0,0,0,1,0,0,1
57,60,57,0,1,0,0,1,0,0,0,0,0,0,1,0,1,0,0,1
83,86,89,1,0,0,1,0,0,0,0,0,0,0,0,1,0,1,0,1
68,56,57,0,1,0,0,1,0,0,0,0,0,1,0,0,0,1,0,1
74,76,73,0,1,0,0,0,1,0,0,1,0,0,0,0,0,1,0,1
76,68,70,0,1,0,1,0,0,0,0,0,0,1,0,0,1,0,0,1
38,45,44,1,0,0,0,1,0,0,0,0,0,0,0,1,1,0,0,1
63,64,59,1,0,0,0,1,0,0,0,0,1,0,0,0,0,1,0,1
87,79,72,0,1,0,0,0,0,1,0,1,0,0,0,0,1,0,0,1
81,84,78,0,1,0,0,0,0,1,0,0,1,0,0,0,1,0,0,1
84,90,90,1,0,0,0,0,1,0,1,0,0,0,0,0,0,1,0,1
68,69,71,1,0,0,0,0,0,1,0,0,1,0,0,0,1,0,1,0
57,70,71,1,0,1,0,0,0,0,0,0,0,0,0,1,1,0,0,1
75,82,81,1,0,0,0,1,0,0,0,0,0,1,0,0,0,1,0,1
39,50,41,1,0,0,0,1,0,0,0,0,1,0,0,0,1,0,0,1
54,77,78,1,0,0,0,0,1,0,0,0,0,0,0,1,0,1,1,0
71,73,69,0,1,0,0,0,1,0,1,0,0,0,0,0,0,1,0,1
58,64,55,0,1,1,0,0,0,0,0,0,0,0,1,0,0,1,0,1
61,70,73,1,0,0,0,0,1,0,1,0,0,0,0,0,0,1,0,1
82,85,94,1,0,0,0,0,1,0,1,0,0,0,0,0,0,1,1,0
73,87,83,1,0,0,0,0,1,0,1,0,0,0,0,0,0,1,1,0
52,66,63,1,0,0,0,0,1,0,0,0,0,0,0,1,0,1,0,1
33,47,32,0,1,0,1,0,0,0,0,0,0,0,0,1,1,0,0,1
67,68,69,0,1,0,0,0,1,0,1,0,0,0,0,0,0,1,1,0
61,80,82,1,0,0,1,0,0,0,0,0,0,0,0,1,1,0,0,1
86,89,96,1,0,0,0,0,0,1,1,0,0,0,0,0,0,1,1,0
98,96,100,0,1,0,0,0,1,0,0,1,0,0,0,0,0,1,1,0
72,56,63,0,1,0,0,1,0,0,0,0,0,0,1,0,0,1,1,0
60,59,52,0,1,0,1,0,0,0,1,0,0,0,0,0,1,0,0,1
66,68,62,0,1,0,0,1,0,0,0,0,0,0,1,0,0,1,0,1
86,89,87,0,1,0,0,1,0,0,0,0,0,0,0,1,0,1,1,0
45,52,51,1,0,0,1,0,0,0,0,0,1,0,0,0,0,1,0,1
75,86,84,1,0,0,0,1,0,0,0,0,0,0,0,1,0,1,0,1
51,69,65,1,0,1,0,0,0,0,1,0,0,0,0,0,0,1,0,1
21,30,26,1,0,0,0,1,0,0,0,0,1,0,0,0,0,1,0,1
54,53,47,0,1,0,0,0,1,0,0,0,1,0,0,0,1,0,0,1
83,78,74,0,1,0,0,0,1,0,0,0,1,0,0,0,0,1,0,1
74,79,65,0,1,0,1,0,0,0,1,0,0,0,0,0,1,0,0,1
73,67,73,0,1,0,0,1,0,0,0,1,0,0,0,0,0,1,0,1
69,70,75,0,1,0,0,0,1,0,0,0,0,0,0,1,1,0,1,0
81,93,94,1,0,0,0,1,0,0,0,0,0,0,1,0,0,1,0,1
95,90,89,0,1,0,0,0,0,1,0,1,0,0,0,0,0,1,1,0
97,88,81,0,1,0,0,0,0,1,0,0,0,0,1,0,0,1,1,0
62,68,75,1,0,0,0,1,0,0,0,0,0,1,0,0,0,1,1,0
63,57,59,0,1,0,0,1,0,0,0,0,0,0,0,1,0,1,0,1
50,72,70,1,0,0,0,0,1,0,0,0,1,0,0,0,0,1,1,0
25,33,32,1,0,0,0,0,1,0,0,0,0,0,0,1,0,1,0,1
73,67,64,0,1,0,0,0,1,0,0,0,0,0,0,1,0,1,0,1
57,58,54,0,1,0,0,0,1,0,1,0,0,0,0,0,1,0,1,0
64,62,61,0,1,0,0,1,0,0,0,0,1,0,0,0,0,1,0,1
86,89,87,1,0,0,0,0,0,1,0,0,1,0,0,0,0,1,0,1
62,65,69,1,0,0,0,0,1,0,1,0,0,0,0,0,1,0,0,1
97,94,91,0,1,0,0,0,1,0,1,0,0,0,0,0,0,1,0,1
62,64,63,1,0,1,0,0,0,0,0,0,0,0,1,0,0,1,0,1
91,97,91,1,0,0,0,0,0,1,0,0,0,0,0,1,0,1,0,1
60,57,61,0,1,0,0,1,0,0,1,0,0,0,0,0,1,0,1,0
59,55,46,0,1,0,0,0,0,1,0,0,1,0,0,0,1,0,0,1
75,87,90,1,0,0,0,0,1,0,1,0,0,0,0,0,0,1,0,1
79,87,89,1,0,0,0,1,0,0,0,0,0,1,0,0,0,1,1,0
79,92,97,1,0,0,0,1,0,0,1,0,0,0,0,0,1,0,1,0
34,49,47,1,0,1,0,0,0,0,0,0,1,0,0,0,1,0,0,1
49,49,43,0,1,0,0,0,1,0,0,0,0,0,0,1,1,0,0,1
47,58,56,1,0,0,1,0,0,0,0,0,0,0,1,0,0,1,1,0
78,73,65,0,1,0,0,0,0,1,1,0,0,0,0,0,0,1,0,1
46,53,54,0,1,0,0,0,1,0,0,0,0,0,0,1,1,0,1,0
72,80,75,0,1,0,0,1,0,0,1,0,0,0,0,0,1,0,0,1
45,61,57,1,0,0,0,0,1,0,1,0,0,0,0,0,1,0,0,1
28,32,28,1,0,0,0,1,0,0,1,0,0,0,0,0,1,0,0,1
83,92,93,1,0,0,0,0,1,0,0,0,0,0,0,1,0,1,0,1
86,89,89,1,0,0,0,0,0,1,0,0,0,0,1,0,0,1,1,0
64,75,81,1,0,0,0,0,1,0,0,0,0,0,0,1,1,0,1,0
65,55,51,0,1,0,1,0,0,0,0,0,1,0,0,0,1,0,0,1
69,85,84,1,0,0,1,0,0,0,0,0,0,0,1,0,1,0,1,0
66,62,66,1,0,0,1,0,0,0,0,0,1,0,0,0,0,1,1,0
41,60,55,1,0,0,0,0,0,1,0,0,0,0,1,0,1,0,0,1
67,71,70,0,1,0,0,0,1,0,0,0,0,1,0,0,1,0,1,0
57,65,56,0,1,0,0,1,0,0,0,1,0,0,0,0,1,0,1,0
42,50,61,1,0,0,0,1,0,0,1,0,0,0,0,0,1,0,1,0
75,81,87,1,0,0,0,0,1,0,0,0,1,0,0,0,1,0,0,1
77,90,97,1,0,0,0,1,0,0,1,0,0,0,0,0,0,1,1,0
65,65,62,0,1,0,1,0,0,0,0,0,0,1,0,0,1,0,0,1
87,90,90,1,0,0,0,0,0,1,0,0,0,0,0,1,0,1,1,0
72,76,78,1,0,0,0,0,1,0,0,0,1,0,0,0,1,0,1,0
71,83,79,1,0,0,0,0,0,1,0,0,1,0,0,0,0,1,0,1
60,80,76,1,0,0,0,1,0,0,0,0,0,0,1,0,1,0,1,0
67,75,84,1,0,0,0,0,1,0,0,0,1,0,0,0,1,0,1,0
54,73,64,1,0,0,0,1,0,0,0,0,1,0,0,0,0,1,0,1
48,59,55,0,1,0,1,0,0,0,0,1,0,0,0,0,1,0,1,0
67,63,67,0,1,0,0,1,0,0,0,0,1,0,0,0,0,1,1,0
58,56,53,0,1,0,1,0,0,0,0,0,0,0,0,1,1,0,1,0
80,83,86,1,0,0,0,1,0,0,0,0,1,0,0,0,0,1,1,0
84,100,96,1,0,0,1,0,0,0,0,0,0,0,1,0,0,1,0,1
48,38,46,0,1,0,0,1,0,0,0,0,0,0,1,0,0,1,1,0
55,67,68,1,0,0,1,0,0,0,0,0,0,0,1,0,1,0,1,0
69,84,81,1,0,0,0,1,0,0,0,0,0,0,0,1,0,1,1,0
74,72,62,0,1,0,0,1,0,0,0,0,1,0,0,0,0,1,0,1
62,68,65,1,0,0,0,0,1,0,0,0,0,0,0,1,0,1,0,1
76,75,77,0,1,0,0,0,1,0,0,0,1,0,0,0,0,1,1,0
84,81,72,0,1,0,1,0,0,0,0,1,0,0,0,0,0,1,0,1
93,86,76,0,1,0,0,0,0,1,0,0,1,0,0,0,0,1,0,1
56,44,44,0,1,0,0,0,0,1,1,0,0,0,0,0,0,1,0,1
52,65,60,1,0,0,1,0,0,0,0,0,0,0,0,1,0,1,0,1
81,90,93,1,0,0,0,1,0,0,0,0,0,0,1,0,0,1,1,0
84,79,75,0,1,0,0,0,0,1,0,0,1,0,0,0,0,1,1,0
55,50,47,0,1,0,0,0,1,0,0,0,0,0,0,1,0,1,0,1
54,53,51,0,1,0,0,1,0,0,0,0,1,0,0,0,1,0,1,0
46,41,40,0,1,0,1,0,0,0,0,0,0,0,0,1,1,0,0,1
48,46,50,0,1,0,0,0,1,0,0,0,1,0,0,0,1,0,0,1
79,65,67,0,1,0,0,1,0,0,0,0,0,0,0,1,0,1,0,1
66,66,75,1,0,0,0,0,0,1,0,0,1,0,0,0,1,0,1,0
56,60,63,0,1,1,0,0,0,0,1,0,0,0,0,0,1,0,1,0
60,74,68,1,0,0,0,0,0,1,1,0,0,0,0,0,1,0,0,1
75,91,81,1,0,0,1,0,0,0,1,0,0,0,0,0,0,1,0,1
79,65,65,0,1,1,0,0,0,0,0,0,0,0,0,1,0,1,1,0
41,57,55,0,1,0,0,1,0,0,0,0,1,0,0,0,1,0,1,0
35,40,45,1,0,0,0,1,0,0,1,0,0,0,0,0,1,0,0,1
54,56,58,1,0,1,0,0,0,0,0,0,0,0,1,0,1,0,0,1
67,65,62,0,1,0,0,1,0,0,0,0,0,0,0,1,0,1,0,1
85,98,99,1,0,0,0,0,1,0,0,0,1,0,0,0,0,1,1,0
92,100,99,1,0,0,0,0,0,1,1,0,0,0,0,0,0,1,0,1
99,100,100,0,1,0,0,0,1,0,1,0,0,0,0,0,0,1,1,0
52,59,58,1,0,0,0,1,0,0,0,0,0,0,0,1,1,0,1,0
73,66,68,0,1,0,0,1,0,0,1,0,0,0,0,0,1,0,0,1
62,75,79,1,0,0,0,0,1,0,0,0,0,0,0,1,1,0,1,0
75,71,68,0,1,0,0,0,0,1,0,0,0,0,0,1,0,1,0,1
90,94,93,1,0,0,1,0,0,0,1,0,0,0,0,0,0,1,0,1
54,49,48,0,1,0,0,0,1,0,0,0,1,0,0,0,1,0,0,1
81,74,74,0,1,0,0,0,1,0,1,0,0,0,0,0,0,1,0,1
74,66,64,0,1,0,0,1,0,0,0,0,0,0,0,1,1,0,0,1
68,73,72,0,1,0,1,0,0,0,1,0,0,0,0,0,1,0,1,0
74,74,70,0,1,0,0,0,1,0,0,0,0,0,1,0,0,1,0,1
51,57,44,0,1,0,0,1,0,0,0,0,1,0,0,0,1,0,0,1
68,77,75,1,0,0,0,1,0,0,0,0,0,0,0,1,0,1,0,1
69,59,57,0,1,0,1,0,0,0,0,0,0,0,1,0,0,1,0,1
100,89,86,0,1,0,0,0,0,1,0,0,0,0,1,0,0,1,1,0
53,59,59,1,0,0,0,1,0,0,0,0,0,0,1,0,0,1,0,1
72,70,70,0,1,0,0,1,0,0,0,1,0,0,0,0,1,0,1,0
50,40,38,0,1,0,1,0,0,0,0,1,0,0,0,0,1,0,0,1
61,69,69,1,0,1,0,0,0,0,0,0,1,0,0,0,0,1,0,1
65,69,56,0,1,0,0,1,0,0,0,0,1,0,0,0,0,1,0,1
15,39,40,1,0,0,0,0,1,0,0,0,1,0,0,0,1,0,0,1
64,56,52,0,1,0,0,1,0,0,0,0,0,0,0,1,1,0,0,1
77,70,60,0,1,0,0,1,0,0,0,0,1,0,0,0,0,1,0,1
61,63,70,1,0,0,0,0,1,0,0,0,0,0,1,0,0,1,1,0
49,66,60,1,0,0,1,0,0,0,0,0,1,0,0,0,1,0,1,0
70,49,53,0,1,0,0,1,0,0,0,1,0,0,0,0,0,1,0,1
60,56,57,0,1,1,0,0,0,0,1,0,0,0,0,0,0,1,0,1
84,97,96,1,0,0,0,0,1,0,0,0,0,0,1,0,0,1,0,1
51,56,50,0,1,0,0,0,1,0,0,0,1,0,0,0,1,0,0,1
74,61,68,0,1,0,0,1,0,0,0,1,0,0,0,0,0,1,0,1
64,77,79,1,0,0,1,0,0,0,0,1,0,0,0,0,0,1,1,0
67,74,81,1,0,0,0,1,0,0,0,0,0,0,1,0,0,1,1,0
76,61,62,0,1,0,0,1,0,0,1,0,0,0,0,0,0,1,0,1
70,66,72,0,1,0,0,0,1,0,0,0,0,0,0,1,0,1,1,0
85,92,84,1,0,0,0,1,0,0,0,0,0,0,1,0,0,1,0,1
53,55,57,1,0,0,0,0,1,0,0,0,0,0,0,1,0,1,0,1
84,71,66,0,1,0,0,1,0,0,0,0,1,0,0,0,0,1,0,1
55,49,44,0,1,0,1,0,0,0,0,0,0,0,0,1,0,1,0,1
50,62,63,1,0,0,0,1,0,0,0,0,1,0,0,0,0,1,0,1
79,77,71,0,1,0,0,1,0,0,0,0,0,0,0,1,1,0,0,1
81,77,71,0,1,0,0,1,0,0,1,0,0,0,0,0,0,1,0,1
89,75,80,0,1,0,0,0,1,0,1,0,0,0,0,0,0,1,1,0
59,68,66,0,1,0,0,1,0,0,1,0,0,0,0,0,1,0,1,0
82,79,81,0,1,0,0,0,1,0,0,0,0,0,1,0,0,1,1,0
86,84,82,0,1,0,0,0,1,0,1,0,0,0,0,0,0,1,0,1
41,58,60,1,0,0,0,0,1,0,0,0,0,0,1,0,1,0,0,1
64,67,72,1,0,0,0,0,1,0,0,0,0,1,0,0,0,1,1,0
68,71,64,0,1,1,0,0,0,0,1,0,0,0,0,0,1,0,1,0
74,67,61,0,1,0,0,0,0,1,0,0,1,0,0,0,1,0,1,0
44,44,53,1,0,0,0,1,0,0,0,0,0,0,1,0,1,0,1,0
34,66,59,1,0,0,0,1,0,0,0,0,1,0,0,0,1,0,1,0
45,50,48,0,1,0,1,0,0,0,0,0,0,0,0,1,0,1,1,0
83,86,90,1,0,0,0,1,0,0,0,0,0,1,0,0,0,1,1,0
55,65,57,0,1,0,0,1,0,0,0,0,0,0,1,0,0,1,0,1
61,56,52,0,1,0,0,0,0,1,0,0,1,0,0,0,1,0,0,1
81,89,88,1,0,0,1,0,0,0,0,0,1,0,0,0,0,1,1,0
45,52,45,0,1,0,1,0,0,0,1,0,0,0,0,0,1,0,0,1
71,63,61,0,1,0,1,0,0,0,0,0,1,0,0,0,0,1,0,1
62,67,68,0,1,0,0,1,0,0,0,1,0,0,0,0,0,1,1,0
78,83,76,1,0,0,0,0,0,1,0,0,0,0,1,0,0,1,1,0
76,74,71,0,1,0,0,0,1,0,0,0,0,0,1,0,0,1,0,1
73,68,81,1,0,1,0,0,0,0,1,0,0,0,0,0,0,1,1,0
82,91,85,1,0,0,0,1,0,0,1,0,0,0,0,0,0,1,0,1
69,58,60,0,1,0,0,0,1,0,0,0,0,0,1,0,0,1,1,0
72,71,65,0,1,0,0,0,1,0,0,1,0,0,0,0,1,0,0,1
72,73,72,1,0,0,1,0,0,0,0,0,1,0,0,0,0,1,1,0
57,59,62,0,1,0,1,0,0,0,1,0,0,0,0,0,1,0,0,1
83,71,69,0,1,1,0,0,0,0,0,0,1,0,0,0,0,1,1,0
68,76,72,0,1,0,0,1,0,0,0,0,0,0,0,1,0,1,0,1
62,74,71,1,0,0,0,1,0,0,0,0,0,0,0,1,1,0,1,0
99,97,95,0,1,0,0,0,1,0,1,0,0,0,0,0,0,1,0,1
88,87,85,0,1,0,1,0,0,0,0,0,1,0,0,0,0,1,1,0
56,68,66,1,0,0,0,1,0,0,0,0,1,0,0,0,0,1,0,1
68,70,76,1,0,0,1,0,0,0,1,0,0,0,0,0,0,1,0,1
75,69,67,0,1,0,0,1,0,0,0,0,1,0,0,0,0,1,1,0
45,46,47,1,0,0,0,1,0,0,0,0,0,0,1,0,0,1,0,1
72,68,62,0,1,0,0,1,0,0,0,0,1,0,0,0,1,0,0,1
99,98,93,0,1,0,0,0,0,1,0,0,0,0,1,0,0,1,1,0
76,72,65,0,1,0,0,1,0,0,0,0,0,0,1,0,1,0,0,1
64,72,79,1,0,0,1,0,0,0,0,0,0,0,0,1,1,0,1,0
56,61,65,1,0,0,1,0,0,0,0,0,0,0,1,0,0,1,0,1
74,78,81,1,0,0,0,0,0,1,0,0,0,0,1,0,1,0,0,1
97,91,96,0,1,0,0,0,1,0,0,1,0,0,0,0,0,1,1,0
83,89,88,1,0,0,1,0,0,0,0,0,0,0,1,0,0,1,0,1
55,64,63,1,0,0,1,0,0,0,0,1,0,0,0,0,0,1,1,0
77,90,93,1,0,0,1,0,0,0,0,0,0,0,1,0,0,1,1,0
78,80,79,1,0,0,0,0,1,0,0,1,0,0,0,0,0,1,0,1
89,95,99,1,0,0,0,0,0,1,0,0,0,0,0,1,0,1,1,0
78,72,66,0,1,1,0,0,0,0,0,0,1,0,0,0,0,1,0,1
33,42,41,0,1,0,0,1,0,0,0,0,0,0,1,0,1,0,0,1
66,72,74,1,0,0,0,0,1,0,1,0,0,0,0,0,0,1,0,1
87,87,79,0,1,0,0,0,0,1,0,0,0,0,1,0,0,1,1,0
50,48,52,1,0,0,1,0,0,0,0,0,0,0,1,0,0,1,0,1
79,86,84,1,0,1,0,0,0,0,0,0,1,0,0,0,0,1,0,1
70,70,66,0,1,0,1,0,0,0,0,1,0,0,0,0,1,0,0,1
47,61,64,1,0,0,1,0,0,0,0,0,0,0,1,0,1,0,1,0
80,84,81,1,0,0,0,1,0,0,0,0,1,0,0,0,0,1,0,1
91,76,78,0,1,0,0,0,0,1,0,0,0,0,1,0,0,1,1,0
78,86,88,1,0,0,0,0,1,0,0,0,1,0,0,0,1,0,1,0
56,61,62,0,1,0,0,0,1,0,0,0,0,0,1,0,1,0,1,0
54,56,47,0,1,0,0,1,0,0,0,0,0,0,0,1,0,1,0,1
79,65,69,0,1,1,0,0,0,0,1,0,0,0,0,0,0,1,1,0
93,87,84,0,1,0,0,0,0,1,1,0,0,0,0,0,0,1,1,0
74,78,78,0,1,0,0,0,1,0,0,0,0,0,0,1,0,1,1,0
83,90,95,1,0,0,0,0,0,1,1,0,0,0,0,0,1,0,0,1
90,78,78,0,1,0,0,1,0,0,0,0,1,0,0,0,0,1,0,1
62,78,71,1,0,0,0,1,0,0,0,0,0,0,1,0,1,0,1,0
58,61,59,1,0,0,0,0,1,0,0,1,0,0,0,0,0,1,0,1
73,73,63,0,1,0,0,0,0,1,0,0,0,0,1,0,1,0,0,1
63,59,51,0,1,0,0,1,0,0,0,0,0,0,0,1,0,1,0,1
89,83,81,0,1,0,0,0,1,0,1,0,0,0,0,0,0,1,1,0
75,66,72,0,1,0,0,0,1,0,0,0,0,0,1,0,0,1,0,1
51,54,51,0,1,0,0,1,0,0,0,0,0,0,1,0,1,0,0,1
58,80,76,1,0,0,0,1,0,0,0,0,0,0,0,1,1,0,1,0
92,88,94,1,0,0,0,1,0,0,0,1,0,0,0,0,0,1,1,0
39,65,64,1,0,0,0,0,1,0,1,0,0,0,0,0,1,0,0,1
84,90,89,1,0,0,1,0,0,0,1,0,0,0,0,0,0,1,0,1
71,66,70,0,1,0,0,1,0,0,0,0,0,0,1,0,0,1,1,0
85,86,88,1,0,0,0,0,0,1,0,0,1,0,0,0,0,1,0,1
59,74,68,1,0,0,1,0,0,0,0,0,1,0,0,0,1,0,0,1
71,67,64,0,1,0,0,0,1,0,0,1,0,0,0,0,0,1,0,1
74,60,59,0,1,0,0,0,0,1,0,0,0,0,0,1,0,1,0,1
62,58,56,0,1,0,0,0,1,0,0,0,0,0,1,0,1,0,0,1
83,86,91,1,0,0,0,0,0,1,1,0,0,0,0,0,1,0,1,0
74,63,65,0,1,0,0,0,1,0,0,0,0,0,1,0,0,1,0,1
64,62,55,0,1,0,1,0,0,0,0,0,0,0,0,1,1,0,1,0
79,76,69,0,1,0,0,1,0,0,0,0,0,0,1,0,0,1,0,1
24,48,46,1,0,0,0,1,0,0,0,0,1,0,0,0,1,0,0,1
66,60,64,0,1,0,0,0,0,1,1,0,0,0,0,0,1,0,1,0
69,86,87,1,0,0,0,0,1,0,0,0,0,0,0,1,0,1,1,0
65,58,57,0,1,0,0,1,0,0,0,0,0,0,0,1,0,1,0,1
66,63,60,0,1,0,0,0,0,1,0,0,0,0,0,1,0,1,0,1
54,56,56,1,0,0,0,0,0,1,0,0,1,0,0,0,0,1,0,1
59,48,48,0,1,0,0,0,1,0,0,0,0,0,0,1,0,1,0,1
60,67,61,0,1,0,0,1,0,0,0,0,0,0,1,0,1,0,0,1
68,76,79,1,0,0,0,0,1,0,0,0,0,0,1,0,0,1,0,1
61,69,66,1,0,1,0,0,0,0,0,0,1,0,0,0,0,1,0,1
84,88,82,1,0,0,0,0,0,1,0,0,0,0,1,0,1,0,0,1
62,67,70,1,0,0,1,0,0,0,0,0,0,1,0,0,0,1,0,1
70,75,70,1,0,1,0,0,0,0,0,0,0,0,0,1,0,1,0,1
76,81,72,0,1,0,1,0,0,0,0,0,1,0,0,0,1,0,1,0
81,92,97,1,0,0,1,0,0,0,1,0,0,0,0,0,0,1,1,0
54,60,60,0,1,0,1,0,0,0,0,0,0,1,0,0,1,0,0,1
67,65,59,0,1,0,0,0,1,0,0,0,1,0,0,0,0,1,0,1
56,53,53,0,1,1,0,0,0,0,0,0,0,0,0,1,0,1,1,0
63,59,51,0,1,0,0,0,1,0,0,1,0,0,0,0,1,0,0,1
39,44,36,0,1,0,0,1,0,0,1,0,0,0,0,0,1,0,0,1
93,78,77,0,1,0,0,1,0,0,0,0,0,1,0,0,0,1,0,1
65,72,76,1,0,0,0,0,0,1,0,0,0,0,0,1,1,0,1,0
83,83,70,0,1,1,0,0,0,0,1,0,0,0,0,0,0,1,0,1
75,78,77,0,1,0,0,0,1,0,1,0,0,0,0,0,1,0,1,0
71,74,73,0,1,0,0,1,0,0,0,0,0,0,1,0,1,0,0,1
46,52,48,1,0,0,0,1,0,0,0,0,0,0,1,0,0,1,0,1
60,74,72,1,0,0,0,0,1,0,0,1,0,0,0,0,0,1,1,0
55,35,43,0,1,0,0,0,1,0,0,1,0,0,0,0,0,1,0,1
79,72,74,0,1,0,0,1,0,0,0,0,0,1,0,0,0,1,1,0
62,55,50,0,1,0,0,1,0,0,1,0,0,0,0,0,1,0,0,1
55,72,70,1,0,0,0,1,0,0,0,0,1,0,0,0,0,1,1,0
58,64,56,1,0,0,1,0,0,0,0,0,0,0,1,0,0,1,0,1
82,76,75,0,1,0,0,0,1,0,1,0,0,0,0,0,1,0,0,1
30,47,46,1,0,0,1,0,0,0,0,0,1,0,0,0,1,0,0,1
80,79,74,0,1,0,0,1,0,0,0,0,0,0,1,0,0,1,0,1
98,88,85,0,1,0,0,0,1,0,0,0,0,0,1,0,0,1,0,1
83,91,92,1,0,1,0,0,0,0,0,0,0,0,1,0,0,1,0,1
81,84,86,1,0,0,1,0,0,0,0,1,0,0,0,0,0,1,0,1
54,68,69,1,0,0,0,1,0,0,0,0,1,0,0,0,1,0,1,0
82,95,100,1,0,0,0,0,1,0,1,0,0,0,0,0,0,1,1,0
62,70,64,1,0,0,0,0,0,1,0,0,1,0,0,0,1,0,0,1
70,77,86,1,0,0,0,0,0,1,0,0,1,0,0,0,1,0,1,0
77,85,85,1,0,0,0,1,0,0,0,0,0,0,1,0,0,1,0,1
55,48,46,0,1,0,0,1,0,0,0,0,0,0,1,0,0,1,0,1
78,76,80,0,1,0,0,0,1,0,0,0,1,0,0,0,0,1,1,0
69,77,77,0,1,1,0,0,0,0,1,0,0,0,0,0,1,0,1,0
58,62,64,1,0,0,1,0,0,0,0,0,0,0,1,0,1,0,1,0
39,52,58,1,0,0,0,0,1,0,0,0,1,0,0,0,1,0,1,0
80,80,79,0,1,0,0,0,1,0,0,0,0,0,0,1,0,1,0,1
76,70,67,0,1,0,1,0,0,0,0,0,0,0,1,0,0,1,0,1
52,68,66,1,0,1,0,0,0,0,0,0,1,0,0,0,0,1,0,1
88,78,84,0,1,0,1,0,0,0,0,0,0,1,0,0,0,1,0,1
82,69,76,0,1,0,0,1,0,0,0,0,0,1,0,0,1,0,0,1
62,65,61,0,1,0,0,1,0,0,0,0,0,0,1,0,1,0,0,1
90,96,98,1,0,0,0,0,0,1,0,0,0,0,0,1,0,1,1,0
41,49,51,1,0,1,0,0,0,0,1,0,0,0,0,0,1,0,0,1
59,69,63,0,1,0,0,1,0,0,0,0,0,0,1,0,1,0,1,0
61,69,73,1,0,0,1,0,0,0,0,0,0,0,1,0,0,1,0,1
68,56,57,0,1,0,0,1,0,0,0,1,0,0,0,0,0,1,0,1
60,75,72,1,0,0,0,1,0,0,1,0,0,0,0,0,0,1,0,1
37,48,46,1,0,0,1,0,0,0,0,0,0,0,0,1,1,0,1,0
67,67,62,0,1,0,0,0,0,1,0,0,0,0,1,0,1,0,0,1
73,76,74,1,0,1,0,0,0,0,1,0,0,0,0,0,0,1,0,1
74,75,78,0,1,1,0,0,0,0,0,0,0,0,1,0,1,0,1,0
67,89,89,1,0,0,0,1,0,0,0,0,0,0,1,0,1,0,1,0
37,51,51,1,0,0,1,0,0,0,0,0,0,0,1,0,1,0,0,1
61,73,74,1,0,1,0,0,0,0,0,0,1,0,0,0,0,1,0,1
64,81,87,1,0,0,0,1,0,0,0,0,0,0,1,0,1,0,1,0
74,81,82,1,0,0,0,0,1,0,0,0,0,0,1,0,0,1,0,1
34,37,27,0,1,0,0,1,0,0,0,0,1,0,0,0,1,0,0,1
54,62,62,1,0,0,0,0,1,0,0,0,1,0,0,0,0,1,0,1
65,76,70,1,0,0,1,0,0,0,0,0,0,0,1,0,0,1,0,1
81,86,78,0,1,0,0,0,1,0,0,0,0,0,1,0,0,1,0,1
88,89,87,0,1,0,0,0,0,1,0,0,0,1,0,0,0,1,1,0
82,70,67,0,1,0,0,0,1,0,0,0,0,0,0,1,0,1,0,1
70,75,78,1,0,0,0,1,0,0,0,0,0,0,0,1,0,1,0,1
60,51,55,0,1,0,0,1,0,0,0,0,0,0,0,1,0,1,1,0
70,81,75,1,0,0,0,1,0,0,0,0,0,1,0,0,0,1,0,1
67,72,71,1,0,0,0,1,0,0,0,0,0,0,0,1,0,1,0,1
98,100,99,1,0,0,0,0,0,1,0,1,0,0,0,0,0,1,1,0
35,56,54,0,1,0,0,0,1,0,0,0,0,0,0,1,1,0,1,0
69,82,78,1,0,0,0,1,0,0,1,0,0,0,0,0,0,1,0,1
38,38,41,0,1,0,0,0,1,0,0,0,1,0,0,0,1,0,1,0
70,74,65,0,1,1,0,0,0,0,0,0,1,0,0,0,1,0,0,1
42,59,59,1,0,0,0,0,0,1,0,0,0,0,0,1,1,0,1,0
47,58,54,1,0,1,0,0,0,0,0,0,0,0,0,1,1,0,0,1
49,57,61,1,0,0,1,0,0,0,0,1,0,0,0,0,1,0,1,0
90,93,91,0,1,0,0,0,0,1,0,0,0,0,1,0,0,1,1,0
49,54,50,0,1,0,0,0,1,0,1,0,0,0,0,0,1,0,0,1
83,86,87,0,1,0,0,0,1,0,0,0,0,1,0,0,1,0,0,1
82,86,78,0,1,0,0,1,0,0,1,0,0,0,0,0,1,0,0,1
72,69,70,1,0,0,0,1,0,0,1,0,0,0,0,0,0,1,0,1
67,67,67,1,0,0,0,0,1,0,1,0,0,0,0,0,0,1,0,1
92,89,83,0,1,0,1,0,0,0,0,0,0,1,0,0,0,1,0,1
59,64,64,1,0,0,0,1,0,0,0,0,0,1,0,0,0,1,0,1
64,63,64,0,1,0,0,0,1,0,0,1,0,0,0,0,0,1,0,1
88,90,90,1,0,0,0,1,0,0,0,0,0,0,0,1,0,1,0,1
92,77,84,0,1,0,0,0,1,0,0,0,0,0,1,0,0,1,0,1
82,73,74,0,1,0,0,1,0,0,1,0,0,0,0,0,1,0,0,1
59,72,70,1,0,0,0,1,0,0,0,0,0,0,1,0,0,1,0,1
45,43,47,0,1,0,0,1,0,0,0,0,1,0,0,0,1,0,0,1
56,67,62,0,1,0,0,1,0,0,0,0,1,0,0,0,1,0,0,1
52,48,49,0,1,0,1,0,0,0,0,0,1,0,0,0,0,1,0,1
86,72,76,0,1,0,0,0,1,0,1,0,0,0,0,0,0,1,0,1
81,93,94,1,0,0,0,0,1,0,0,0,0,0,1,0,0,1,1,0
61,64,63,1,0,0,1,0,0,0,1,0,0,0,0,0,1,0,0,1
51,52,46,0,1,0,1,0,0,0,0,0,1,0,0,0,0,1,0,1
69,85,83,1,0,0,0,0,1,0,0,1,0,0,0,0,1,0,0,1
81,71,62,0,1,0,1,0,0,0,0,0,1,0,0,0,0,1,0,1
73,85,83,1,0,0,0,0,1,0,0,1,0,0,0,0,1,0,0,1
92,87,92,1,0,0,0,0,0,1,0,1,0,0,0,0,0,1,1,0
71,63,53,0,1,0,0,0,0,1,1,0,0,0,0,0,0,1,0,1
61,57,55,1,0,0,0,1,0,0,0,0,1,0,0,0,0,1,0,1
80,76,74,0,1,0,0,1,0,0,1,0,0,0,0,0,0,1,0,1
38,38,30,0,1,0,1,0,0,0,0,0,0,0,0,1,1,0,0,1
72,62,62,0,1,0,1,0,0,0,0,0,0,0,0,1,0,1,1,0
96,98,100,1,0,0,0,0,0,1,0,0,0,0,1,0,0,1,1,0
64,66,72,1,0,0,1,0,0,0,1,0,0,0,0,0,0,1,1,0
44,65,59,1,0,0,1,0,0,0,0,0,0,0,0,1,0,1,0,1
81,99,96,1,0,0,0,0,1,0,0,0,0,0,1,0,0,1,1,0
85,75,72,0,1,0,1,0,0,0,0,0,1,0,0,0,0,1,1,0
82,76,71,0,1,0,0,0,0,1,1,0,0,0,0,0,0,1,0,1
72,67,64,0,1,0,1,0,0,0,1,0,0,0,0,0,0,1,0,1
43,57,59,1,0,0,0,1,0,0,0,0,0,1,0,0,1,0,0,1
58,69,63,1,0,0,1,0,0,0,0,0,0,0,1,0,0,1,0,1
72,73,75,0,1,0,0,0,0,1,0,0,0,0,1,0,1,0,1,0
80,67,72,0,1,0,0,0,1,0,0,0,0,0,1,0,0,1,1,0
81,62,61,0,1,0,0,0,1,0,0,0,1,0,0,0,0,1,0,1
66,60,59,0,1,0,0,0,0,1,0,0,0,0,0,1,1,0,0,1
74,65,61,0,1,0,1,0,0,0,1,0,0,0,0,0,0,1,0,1
75,70,76,0,1,0,0,0,1,0,0,0,0,1,0,0,1,0,1,0
68,58,54,0,1,0,0,1,0,0,0,0,0,0,1,0,0,1,0,1
67,63,63,0,1,0,0,0,1,0,0,0,0,0,0,1,1,0,0,1
58,47,45,0,1,0,1,0,0,0,0,0,0,0,1,0,0,1,0,1
79,56,68,0,1,0,0,0,1,0,0,0,0,0,1,0,0,1,0,1
63,63,63,0,1,0,0,1,0,0,0,0,0,0,0,1,0,1,0,1
59,72,72,1,0,0,1,0,0,0,1,0,0,0,0,0,1,0,0,1
47,53,42,0,1,0,0,1,0,0,0,1,0,0,0,0,1,0,0,1
67,78,70,0,1,0,0,0,1,0,0,0,0,0,1,0,1,0,1,0
92,86,88,0,1,1,0,0,0,0,0,0,0,0,1,0,0,1,1,0
44,45,41,0,1,0,0,0,1,0,1,0,0,0,0,0,0,1,0,1
57,54,48,0,1,0,0,1,0,0,0,0,0,1,0,0,1,0,0,1
83,100,100,1,0,0,0,0,1,0,0,1,0,0,0,0,0,1,1,0
68,76,76,1,0,1,0,0,0,0,0,0,0,1,0,0,0,1,1,0
59,52,45,0,1,0,1,0,0,0,1,0,0,0,0,0,0,1,0,1
36,51,49,1,0,0,1,0,0,0,0,0,0,0,0,1,1,0,0,1
56,51,44,0,1,1,0,0,0,0,0,0,0,0,1,0,0,1,1,0
80,94,97,1,0,0,0,0,0,1,0,0,1,0,0,0,1,0,1,0
62,72,67,0,1,0,0,1,0,0,0,0,0,0,1,0,1,0,1,0
90,72,79,0,1,0,0,0,1,0,0,0,0,0,0,1,0,1,0,1
55,62,58,0,1,1,0,0,0,0,1,0,0,0,0,0,0,1,1,0
44,45,52,1,0,0,0,1,0,0,0,1,0,0,0,0,1,0,1,0
72,63,66,0,1,0,0,1,0,0,0,0,1,0,0,0,0,1,1,0
92,94,94,1,0,0,0,0,0,1,0,0,1,0,0,0,0,1,0,1
73,68,71,0,1,0,1,0,0,0,0,0,1,0,0,0,1,0,1,0
75,74,75,1,0,0,0,0,1,0,0,0,1,0,0,0,0,1,1,0
82,78,78,0,1,0,0,0,0,1,1,0,0,0,0,0,0,1,1,0
84,84,74,0,1,0,0,1,0,0,0,0,0,0,0,1,0,1,0,1
81,80,73,0,1,0,0,1,0,0,0,0,0,1,0,0,0,1,0,1
82,68,63,0,1,1,0,0,0,0,0,0,0,0,1,0,0,1,0,1
79,92,87,1,0,0,0,1,0,0,0,0,0,1,0,0,0,1,1,0
31,49,42,1,0,0,0,1,0,0,0,0,1,0,0,0,0,1,0,1
73,62,59,0,1,0,0,0,0,1,0,0,0,0,0,1,0,1,0,1
89,93,98,1,0,0,0,0,0,1,0,0,0,0,1,0,0,1,0,1
100,100,100,0,1,0,0,0,0,1,0,1,0,0,0,0,0,1,1,0
47,58,56,1,0,0,0,0,1,0,1,0,0,0,0,0,1,0,1,0
94,75,75,0,1,0,0,0,0,1,0,0,0,0,0,1,0,1,0,1
79,77,75,0,1,0,1,0,0,0,1,0,0,0,0,0,0,1,1,0
77,80,74,0,1,0,0,1,0,0,0,0,1,0,0,0,1,0,1,0
63,60,53,0,1,0,0,0,1,0,0,0,0,0,1,0,0,1,0,1
56,45,38,0,1,1,0,0,0,0,0,0,1,0,0,0,0,1,0,1
58,67,70,1,0,0,1,0,0,0,1,0,0,0,0,0,1,0,1,0
77,80,85,0,1,0,0,1,0,0,0,0,0,0,1,0,0,1,1,0
82,85,91,1,0,0,0,0,0,1,0,0,0,0,1,0,0,1,1,0
51,69,64,1,0,0,1,0,0,0,0,0,1,0,0,0,1,0,0,1
92,80,78,0,1,0,0,0,0,1,0,0,0,0,0,1,0,1,0,1
87,90,85,1,0,0,0,1,0,0,0,0,1,0,0,0,0,1,0,1
88,78,86,0,1,0,0,0,0,1,1,0,0,0,0,0,0,1,1,0
77,79,78,1,0,0,0,1,0,0,0,0,0,0,1,0,0,1,0,1
62,65,65,1,0,0,0,0,0,1,0,0,0,0,1,0,0,1,0,1
61,56,56,0,1,0,0,0,1,0,1,0,0,0,0,0,0,1,0,1
65,66,66,1,0,0,0,1,0,0,1,0,0,0,0,0,1,0,0,1
84,76,81,0,1,0,0,0,0,1,0,0,0,1,0,0,0,1,1,0
30,59,51,1,0,0,0,0,1,0,0,0,0,0,0,1,1,0,0,1
63,61,64,0,1,1,0,0,0,0,1,0,0,0,0,0,1,0,1,0
79,78,83,1,0,0,0,0,0,1,0,0,1,0,0,0,0,1,0,1
51,72,63,1,0,0,0,1,0,0,0,0,0,0,1,0,0,1,0,1
66,70,67,1,0,0,0,0,1,0,0,0,0,0,1,0,0,1,0,1
63,69,66,1,0,0,0,0,1,0,1,0,0,0,0,0,0,1,0,1
71,78,81,1,0,0,0,0,1,0,1,0,0,0,0,0,1,0,0,1
69,76,71,1,0,0,0,1,0,0,0,0,0,1,0,0,0,1,0,1
70,81,76,1,0,0,0,1,0,0,0,0,0,0,1,0,1,0,0,1
67,59,59,0,1,0,0,0,1,0,0,0,0,0,0,1,0,1,0,1
53,48,49,1,0,0,0,1,0,0,0,0,0,0,0,1,0,1,0,1
50,62,62,1,0,0,1,0,0,0,0,1,0,0,0,0,1,0,0,1
59,63,61,1,0,0,0,1,0,0,0,0,1,0,0,0,0,1,0,1
54,72,68,1,0,0,0,1,0,0,0,0,1,0,0,0,1,0,1,0
81,72,70,0,1,0,0,0,0,1,0,0,0,0,1,0,0,1,0,1
69,58,52,0,1,0,0,1,0,0,0,0,1,0,0,0,0,1,0,1
87,84,76,0,1,0,0,0,0,1,0,0,1,0,0,0,0,1,0,1
88,84,88,1,0,0,1,0,0,0,0,1,0,0,0,0,0,1,0,1
52,53,55,1,0,0,0,0,0,1,0,1,0,0,0,0,0,1,0,1
60,61,57,1,0,0,0,1,0,0,0,0,0,0,0,1,0,1,0,1
77,83,84,1,0,0,0,0,1,0,0,0,0,0,0,1,0,1,1,0
47,49,49,0,1,0,0,1,0,0,1,0,0,0,0,0,1,0,1,0
76,65,58,0,1,0,0,1,0,0,0,0,0,0,1,0,0,1,0,1
92,100,100,1,0,0,1,0,0,0,0,0,0,0,1,0,0,1,1,0
87,87,84,1,0,0,0,0,0,1,0,0,0,0,0,1,0,1,0,1
74,82,81,1,0,0,0,0,1,0,0,0,1,0,0,0,0,1,0,1
67,60,69,0,1,1,0,0,0,0,0,0,0,0,0,1,0,1,1,0
56,47,48,0,1,0,1,0,0,0,0,0,0,0,1,0,1,0,0,1
84,92,90,1,0,0,0,0,1,0,1,0,0,0,0,0,0,1,0,1
73,54,57,0,1,0,1,0,0,0,1,0,0,0,0,0,0,1,0,1
75,65,65,0,1,0,0,0,1,0,0,0,0,1,0,0,1,0,0,1
70,72,67,0,1,0,0,0,1,0,0,0,1,0,0,0,0,1,1,0
79,72,72,0,1,0,0,1,0,0,0,0,1,0,0,0,0,1,0,1
86,77,80,0,1,0,0,1,0,0,0,1,0,0,0,0,0,1,1,0
77,83,91,1,0,0,1,0,0,0,0,0,1,0,0,0,0,1,1,0
58,67,67,0,1,0,0,0,1,0,0,0,1,0,0,0,1,0,1,0
70,66,68,0,1,0,0,1,0,0,0,0,0,0,1,0,1,0,1,0
69,67,78,1,0,0,0,0,1,0,0,0,0,1,0,0,0,1,0,1
94,97,95,0,1,0,0,0,1,0,0,0,0,0,1,0,0,1,1,0
76,82,81,1,0,0,0,0,0,1,0,0,0,0,1,0,1,0,0,1
71,72,69,1,0,0,0,1,0,0,0,0,1,0,0,0,0,1,0,1
76,72,73,0,1,0,0,1,0,0,1,0,0,0,0,0,0,1,0,1
85,78,81,0,1,0,0,0,1,0,0,1,0,0,0,0,1,0,0,1
94,84,80,0,1,0,0,1,0,0,0,0,0,0,0,1,0,1,0,1
91,82,74,0,1,0,0,0,0,1,0,0,0,1,0,0,0,1,0,1
100,100,98,0,1,0,0,0,1,0,1,0,0,0,0,0,0,1,1,0
65,66,61,0,1,0,1,0,0,0,0,0,1,0,0,0,0,1,0,1
68,79,78,1,0,0,0,0,1,0,0,1,0,0,0,0,1,0,0,1
59,60,56,0,1,0,0,1,0,0,0,0,1,0,0,0,1,0,0,1
73,87,89,1,0,0,1,0,0,0,0,1,0,0,0,0,0,1,0,1
76,83,78,0,1,0,1,0,0,0,0,0,0,0,1,0,1,0,1,0
86,92,83,1,0,0,0,1,0,0,0,0,0,0,0,1,0,1,0,1
75,74,80,1,0,0,0,1,0,0,1,0,0,0,0,0,0,1,1,0
68,53,53,0,1,0,0,0,1,0,0,0,0,0,0,1,0,1,0,1
68,73,71,1,0,0,0,0,1,0,0,0,1,0,0,0,1,0,0,1
59,62,52,0,1,0,0,0,1,0,0,0,0,0,1,0,0,1,0,1
84,80,77,0,1,0,1,0,0,0,0,1,0,0,0,0,0,1,0,1
67,58,58,0,1,0,0,0,1,0,0,0,0,0,1,0,1,0,0,1
59,64,60,0,1,0,0,1,0,0,1,0,0,0,0,0,1,0,0,1
58,66,67,0,1,0,0,1,0,0,0,1,0,0,0,0,1,0,0,1
72,62,60,0,1,0,0,0,1,0,1,0,0,0,0,0,0,1,0,1
61,65,59,1,0,1,0,0,0,0,1,0,0,0,0,0,0,1,0,1
55,70,60,1,0,0,1,0,0,0,0,0,0,0,0,1,1,0,0,1
41,51,53,1,0,0,0,0,1,0,0,1,0,0,0,0,0,1,0,1
36,45,44,1,0,0,0,0,1,0,0,0,0,0,1,0,1,0,0,1
84,75,75,0,1,0,0,0,0,1,1,0,0,0,0,0,0,1,1,0
57,45,42,0,1,0,0,0,0,1,1,0,0,0,0,0,1,0,0,1
81,96,93,1,0,0,0,1,0,0,1,0,0,0,0,0,0,1,0,1
59,60,50,0,1,1,0,0,0,0,0,0,0,0,0,1,0,1,0,1
66,56,56,0,1,0,0,0,1,0,0,0,0,0,1,0,1,0,0,1
65,62,63,0,1,0,0,1,0,0,0,0,0,0,1,0,1,0,1,0
65,85,80,1,0,0,0,1,0,0,1,0,0,0,0,0,0,1,0,1
53,77,75,1,0,1,0,0,0,0,0,0,0,0,0,1,1,0,1,0
79,69,70,0,1,0,1,0,0,0,0,0,0,0,0,1,0,1,0,1
89,86,92,1,0,0,0,1,0,0,1,0,0,0,0,0,0,1,1,0
85,91,88,1,0,0,0,0,0,1,0,0,1,0,0,0,1,0,0,1
79,93,81,1,0,0,0,1,0,0,0,0,0,0,1,0,0,1,0,1
83,96,96,1,0,0,1,0,0,0,1,0,0,0,0,0,0,1,1,0
62,71,61,1,0,0,0,0,0,1,0,0,0,0,0,1,1,0,0,1
64,68,60,1,0,0,0,0,0,1,0,0,0,0,1,0,0,1,0,1
66,65,76,1,0,0,0,0,0,1,0,1,0,0,0,0,0,1,0,1
36,52,51,1,0,0,1,0,0,0,0,0,0,0,0,1,1,0,0,1
74,77,72,1,0,0,0,1,0,0,0,0,0,0,0,1,0,1,0,1
85,96,95,1,0,0,1,0,0,0,0,1,0,0,0,0,0,1,1,0
44,69,68,1,0,0,0,1,0,0,0,0,1,0,0,0,0,1,1,0
68,78,77,1,0,0,0,0,0,1,0,0,0,0,1,0,0,1,1,0
59,66,71,1,0,0,0,1,0,0,0,0,0,0,1,0,0,1,1,0
64,57,52,0,1,0,1,0,0,0,0,0,1,0,0,0,0,1,0,1
62,74,74,1,0,0,0,1,0,0,0,0,0,0,1,0,1,0,0,1
45,53,45,0,1,0,0,1,0,0,0,0,0,1,0,0,1,0,0,1
85,81,83,0,1,0,0,0,1,0,0,0,1,0,0,0,0,1,0,1
45,48,46,0,1,0,0,1,0,0,0,0,0,0,0,1,0,1,0,1
81,66,58,0,1,0,1,0,0,0,1,0,0,0,0,0,0,1,0,1
65,70,57,0,1,0,0,1,0,0,0,0,1,0,0,0,0,1,0,1
48,60,55,1,0,0,0,1,0,0,0,0,1,0,0,0,1,0,0,1
59,66,69,1,0,0,0,1,0,0,0,0,1,0,0,0,0,1,0,1
80,88,90,1,0,0,0,1,0,0,0,0,0,0,1,0,0,1,1,0
66,80,75,1,0,1,0,0,0,0,0,1,0,0,0,0,0,1,1,0
80,93,99,1,0,0,1,0,0,0,0,1,0,0,0,0,0,1,1,0
47,54,48,0,1,0,0,0,0,1,0,0,0,0,0,1,1,0,0,1
74,90,83,1,0,0,1,0,0,0,0,0,1,0,0,0,0,1,0,1
55,59,49,0,1,0,1,0,0,0,0,1,0,0,0,0,1,0,0,1
100,93,89,0,1,0,0,0,1,0,1,0,0,0,0,0,0,1,0,1
83,84,78,0,1,0,0,1,0,0,0,0,0,0,0,1,0,1,0,1
76,74,67,0,1,0,0,1,0,0,1,0,0,0,0,0,0,1,0,1
87,83,80,0,1,0,0,0,0,1,0,0,0,0,0,1,0,1,1,0
28,27,23,0,1,0,0,1,0,0,0,0,0,0,0,1,0,1,0,1
76,78,79,0,1,0,0,0,1,0,0,0,0,0,0,1,0,1,1,0
86,87,90,1,0,0,0,0,0,1,0,1,0,0,0,0,0,1,0,1
65,64,73,1,0,1,0,0,0,0,0,1,0,0,0,0,1,0,0,1
88,72,78,0,1,0,0,0,1,0,0,0,0,1,0,0,0,1,0,1
87,95,100,1,0,0,0,0,1,0,0,0,0,1,0,0,0,1,1,0
51,53,45,0,1,0,0,0,1,0,0,0,0,0,0,1,0,1,0,1
67,62,67,0,1,0,0,0,1,0,1,0,0,0,0,0,0,1,1,0
70,77,76,1,0,0,0,1,0,0,0,0,0,0,0,1,0,1,0,1
72,77,77,1,0,1,0,0,0,0,1,0,0,0,0,0,0,1,0,1
75,67,67,0,1,1,0,0,0,0,1,0,0,0,0,0,1,0,1,0
83,74,80,0,1,0,0,0,1,0,0,0,0,0,0,1,0,1,0,1
82,97,90,1,0,0,1,0,0,0,1,0,0,0,0,0,0,1,0,1
77,77,71,0,1,0,0,1,0,0,0,0,0,0,1,0,0,1,0,1
80,66,66,0,1,0,0,1,0,0,0,0,0,0,1,0,0,1,0,1
67,86,86,1,0,1,0,0,0,0,0,0,1,0,0,0,0,1,1,0
80,72,62,0,1,0,0,0,0,1,0,0,1,0,0,0,0,1,0,1
58,47,45,0,1,0,0,0,1,0,0,0,1,0,0,0,0,1,0,1
